{
	"info": {
		"_postman_id": "836a3712-9d85-41c7-86ab-2ba7b2e3f67e",
		"name": "Creating",
		"schema": "https://schema.getpostman.com/json/collection/v2.1.0/collection.json",
		"_exporter_id": "12600872"
	},
	"item": [
		{
			"name": "Create Movie",
			"request": {
				"method": "POST",
				"header": [],
				"body": {
					"mode": "raw",
					"raw": "{\r\n      \"title\": \"Titanc\",\r\n      \"director\": \"Jims\",\r\n      \"genre\": \"Romance\",\r\n      \"release_year\": 2001,\r\n      \"description\": \"A Huge ship sank\"\r\n}",
					"options": {
						"raw": {
							"language": "json"
						}
					}
				},
				"url": {
					"raw": "{{movies}}",
					"host": [
						"{{movies}}"
					]
				},
				"description": "Store A New Movie in Database"
			},
			"response": []
		},
		{
			"name": "Create User",
			"request": {
				"method": "POST",
				"header": [],
				"body": {
					"mode": "raw",
					"raw": "{\r\n      \"name\": \"Titanc\",\r\n      \"email\": \"Jims123@gmail.com\",\r\n      \"password\": \"pasword123\"\r\n}",
					"options": {
						"raw": {
							"language": "json"
						}
					}
				},
				"url": {
					"raw": "http://127.0.0.1:8001/api/users",
					"protocol": "http",
					"host": [
						"127",
						"0",
						"0",
						"1"
					],
					"port": "8001",
					"path": [
						"api",
						"users"
					]
				},
				"description": "Store A New User in Database\n\npassword 8 latters\n\nemail uniq"
			},
			"response": []
		},
		{
			"name": "Create Rating",
			"request": {
				"method": "POST",
				"header": [],
				"body": {
					"mode": "raw",
					"raw": "{\r\n    \"user_id\": 1,\r\n    \"movie_id\": 1,\r\n    \"rating\": 4,\r\n    \"review\": \"Amazing\"\r\n}",
					"options": {
						"raw": {
							"language": "json"
						}
					}
				},
				"url": {
					"raw": "{{ratings}}",
					"host": [
						"{{ratings}}"
					]
				},
				"description": "Store A New Rating in Database"
			},
			"response": []
		}
	]
}