{
	"info": {
		"_postman_id": "eb83e42f-6fa5-4c84-aa8b-831d0bf94b87",
		"name": "Destroying",
		"schema": "https://schema.getpostman.com/json/collection/v2.1.0/collection.json",
		"_exporter_id": "12600872"
	},
	"item": [
		{
			"name": "Delete A Specific Movie By Id",
			"request": {
				"method": "DELETE",
				"header": [],
				"body": {
					"mode": "raw",
					"raw": "",
					"options": {
						"raw": {
							"language": "json"
						}
					}
				},
				"url": {
					"raw": "{{movies}}/1",
					"host": [
						"{{movies}}"
					],
					"path": [
						"1"
					]
				},
				"description": "Delete A Movie From Database"
			},
			"response": []
		},
		{
			"name": "Delete A Specific Rating By Id",
			"request": {
				"method": "DELETE",
				"header": [],
				"body": {
					"mode": "raw",
					"raw": "",
					"options": {
						"raw": {
							"language": "json"
						}
					}
				},
				"url": {
					"raw": "{{ratings}}/1",
					"host": [
						"{{ratings}}"
					],
					"path": [
						"1"
					]
				},
				"description": "Delete A Rating From Database"
			},
			"response": []
		},
		{
			"name": "Delete A Specific User By Id",
			"request": {
				"method": "DELETE",
				"header": [],
				"body": {
					"mode": "raw",
					"raw": "",
					"options": {
						"raw": {
							"language": "json"
						}
					}
				},
				"url": {
					"raw": "{{users}}/1",
					"host": [
						"{{users}}"
					],
					"path": [
						"1"
					]
				},
				"description": "Delete A User From Database"
			},
			"response": []
		}
	]
}