{
	"info": {
		"_postman_id": "47324afa-31d7-47ea-bf33-d5fe0db588ad",
		"name": "Showing",
		"schema": "https://schema.getpostman.com/json/collection/v2.1.0/collection.json",
		"_exporter_id": "12600872"
	},
	"item": [
		{
			"name": "Show All Movie",
			"protocolProfileBehavior": {
				"disableBodyPruning": true
			},
			"request": {
				"method": "GET",
				"header": [],
				"body": {
					"mode": "raw",
					"raw": "",
					"options": {
						"raw": {
							"language": "json"
						}
					}
				},
				"url": {
					"raw": "{{movies}}",
					"host": [
						"{{movies}}"
					]
				},
				"description": "Return All Movies With Formate Data"
			},
			"response": []
		},
		{
			"name": "Show All Ratings",
			"protocolProfileBehavior": {
				"disableBodyPruning": true
			},
			"request": {
				"method": "GET",
				"header": [],
				"body": {
					"mode": "raw",
					"raw": "",
					"options": {
						"raw": {
							"language": "json"
						}
					}
				},
				"url": {
					"raw": "{{ratings}}",
					"host": [
						"{{ratings}}"
					]
				},
				"description": "Return All Ratinges With Formate Data"
			},
			"response": []
		},
		{
			"name": "Show A Specific Movie",
			"protocolProfileBehavior": {
				"disableBodyPruning": true
			},
			"request": {
				"method": "GET",
				"header": [],
				"body": {
					"mode": "raw",
					"raw": "",
					"options": {
						"raw": {
							"language": "json"
						}
					}
				},
				"url": {
					"raw": "{{movies}}/1",
					"host": [
						"{{movies}}"
					],
					"path": [
						"1"
					]
				},
				"description": "Return Movie By The Passed Id With Formate The Data"
			},
			"response": []
		},
		{
			"name": "Show A Specific Rating",
			"protocolProfileBehavior": {
				"disableBodyPruning": true
			},
			"request": {
				"method": "GET",
				"header": [],
				"body": {
					"mode": "raw",
					"raw": "",
					"options": {
						"raw": {
							"language": "json"
						}
					}
				},
				"url": {
					"raw": "{{ratings}}/1",
					"host": [
						"{{ratings}}"
					],
					"path": [
						"1"
					]
				},
				"description": "Return Rating By The Passed Id With Formate The Data"
			},
			"response": []
		},
		{
			"name": "Movies With Filter",
			"protocolProfileBehavior": {
				"disableBodyPruning": true
			},
			"request": {
				"method": "GET",
				"header": [],
				"body": {
					"mode": "raw",
					"raw": "",
					"options": {
						"raw": {
							"language": "json"
						}
					}
				},
				"url": {
					"raw": "{{movies}}?genre=drama &director=johon &sort_by = title &sort_direction =asc &per_page=3",
					"host": [
						"{{movies}}"
					],
					"query": [
						{
							"key": "genre",
							"value": "drama "
						},
						{
							"key": "director",
							"value": "johon "
						},
						{
							"key": "sort_by ",
							"value": " title "
						},
						{
							"key": "sort_direction ",
							"value": "asc "
						},
						{
							"key": "per_page",
							"value": "3"
						}
					]
				},
				"description": "Return Specific Movies With The Passed Parameter URL\n\nYou Can Change Or Remove Any Param"
			},
			"response": []
		}
	]
}