{
	"info": {
		"_postman_id": "92c9fc9f-b731-401b-b3e9-c7704853cd3a",
		"name": "Updating",
		"schema": "https://schema.getpostman.com/json/collection/v2.1.0/collection.json",
		"_exporter_id": "12600872"
	},
	"item": [
		{
			"name": "Update A Specific Movie By Id",
			"request": {
				"method": "PUT",
				"header": [],
				"body": {
					"mode": "raw",
					"raw": "{\r\n      \"title\": \"Titanc\",\r\n      \"director\": \"Jims\",\r\n      \"genre\": \"Romance\",\r\n      \"release_year\": 2001,\r\n      \"description\": \"A Huge ship sank\"\r\n}",
					"options": {
						"raw": {
							"language": "json"
						}
					}
				},
				"url": {
					"raw": "{{movies}}/1",
					"host": [
						"{{movies}}"
					],
					"path": [
						"1"
					]
				},
				"description": "Update A New Movie in Database"
			},
			"response": []
		},
		{
			"name": "Update A Specific Rating By Id",
			"request": {
				"method": "PUT",
				"header": [],
				"body": {
					"mode": "raw",
					"raw": "{\r\n    \"user_id\": 1,\r\n    \"movie_id\": 1,\r\n    \"rating\": 2,\r\n    \"review\": \"Amazing\"\r\n}",
					"options": {
						"raw": {
							"language": "json"
						}
					}
				},
				"url": {
					"raw": "{{ratings}}/1",
					"host": [
						"{{ratings}}"
					],
					"path": [
						"1"
					]
				},
				"description": "Update A New Rating in Database"
			},
			"response": []
		},
		{
			"name": "Update A Specific User By Id",
			"request": {
				"method": "PUT",
				"header": [],
				"body": {
					"mode": "raw",
					"raw": "{\r\n      \"name\": \"Titanc\",\r\n      \"email\": \"Jims@gmail.com\",\r\n      \"password\": \"pasword111\"\r\n}",
					"options": {
						"raw": {
							"language": "json"
						}
					}
				},
				"url": {
					"raw": "{{users}}/1",
					"host": [
						"{{users}}"
					],
					"path": [
						"1"
					]
				},
				"description": "Update A New Usre in Database\n\npassword 8 latters\n\nemail uniq"
			},
			"response": []
		}
	]
}